productive_seconds,task_score,focus_index,self_report_productivity
2132,0.0,0.7356797791580401,19.509083169992067
3576,2.0,0.6866359447004609,20.89578388446257
241,6.0,0.11813725490196078,14.21101562039425
1451,0.0,0.8193111236589498,11.023277650787684
1436,2.0,0.5453854918344094,16.068712987196424
2793,4.0,0.6201154529307282,27.410346928842202
1598,0.0,0.5890158496129746,19.092268649688485
685,1.0,0.367686527106817,13.310613046359212
1045,1.0,0.5603217158176944,8.249349495770772
1535,0.0,0.6936285585178491,17.769163719764734
1519,0.0,0.5283478260869565,18.554908859469922
2238,0.0,0.6397941680960549,26.52272971888695
863,0.0,0.5532051282051282,14.704507499441107
3078,7.0,0.7810200456736869,30.262801508708353
3330,0.0,0.6801470588235294,27.998747351628275
1355,4.0,0.44897282968853547,10.746555983216886
1476,0.0,0.4789097988319273,16.537421258711248
3004,3.0,0.7601214574898786,23.520029895334535
430,4.0,0.3672075149444919,20.03839118325981
1176,0.0,0.5047210300429185,15.159405894886797
375,1.0,0.1773888363292337,12.856150653017206
664,0.0,0.34138817480719796,6.1857785343336
983,1.0,0.37024482109227874,6.123926740880455
2351,11.0,0.7489646384198789,30.39709415378693
2436,5.0,0.7252158380470378,24.697334688645704
1006,6.0,0.4743045733144743,13.053197656137947
717,0.0,0.5645669291338583,13.960404276481956
2183,0.0,0.6347775516138412,20.732872438437163
1550,3.0,0.47473200612557426,10.851688384739443
1137,3.0,0.41450966095515857,14.87086171034576
4331,6.0,0.9319991392296105,40.41695171710087
709,6.0,0.4390092879256966,8.266072969360447
1819,4.0,0.6767113095238095,22.08548167799674
1627,0.0,0.4877098321342926,9.417928664892875
528,1.0,0.3329129886506936,5.584763119276573
903,0.0,0.5268378063010501,11.257384425020268
1632,4.0,0.6139954853273137,17.886159758373616
995,7.0,0.5217619297325642,8.658549057797433
4797,8.0,0.7952586206896551,36.94564275505801
1248,0.0,0.5337895637296834,10.203389158893478
642,5.0,0.3082093134901584,12.734448655133676
1221,0.0,0.5128097438051239,20.57652682646836
2786,8.0,0.8434756282167726,41.99453046332762
781,0.0,0.33562526858616243,10.955638815720397
1896,0.0,0.5860896445131376,18.40797932750094
1378,0.0,0.6699076324744774,21.7449144450376
2413,5.0,0.6180840163934426,25.700568488896874
1549,0.0,0.6015533980582525,11.36317947708949
1487,5.0,0.5692955589586524,9.459543048676695
1827,2.0,0.7073170731707317,21.044882056295613
959,2.0,0.38794498381877024,19.111005717836342
4174,1.0,0.7148484329508478,26.681320437996177
2756,6.0,0.7304532202491386,23.662996627037195
794,5.0,0.35008818342151676,16.25000032862868
1975,10.0,0.6736016371077762,38.55403645717075
1634,0.0,0.8328236493374108,22.978718093533864
1085,4.0,0.396709323583181,18.859377810515536
2011,0.0,0.8561089825457642,16.701743114387494
4420,6.0,0.8723110321689362,40.01818639885535
1709,0.0,0.49208177368269507,16.061089433204693
1632,6.0,0.6308465403942791,31.976934834233358
1161,1.0,0.43613824192336587,11.739921676289253
967,4.0,0.5599305153445281,6.457386016247929
2258,0.0,0.7509145327569006,11.712504449247785
1760,0.0,0.5590851334180432,15.501443526135386
1467,4.0,0.5657539529502507,24.826396414685526
1724,5.0,0.6170365068002863,24.039698831652313
933,6.0,0.7566909975669099,17.454500701074707
599,1.0,0.44835329341317365,9.030871130490254
1495,4.0,0.5510504976041283,32.56402551371583
954,6.0,0.3693379790940767,16.693411251544745
1024,0.0,0.4918347742555235,18.418433195080212
4363,4.0,0.8009913713970993,33.740446029436015
1042,0.0,0.4760164458656921,19.53003697212348
2706,15.0,0.640625,32.768665228677534
2708,0.0,0.7669215519682809,32.35402503034611
1382,0.0,0.729287598944591,11.614877449428413
1506,5.0,0.6197530864197531,16.268831551031585
2454,0.0,0.7177537291605732,19.656611730600563
3025,7.0,0.6544785807009953,34.62375092992929
1090,0.0,0.3775545549012816,5.89245257136607
1110,2.0,0.6760048721071864,14.387186464441784
866,0.0,0.5446540880503145,22.227256178917177
1494,0.0,0.46775203506574825,3.0487237495659727
724,0.0,0.3879957127545552,7.507292900737761
1982,4.0,0.6771438332763922,23.33082492100828
2419,4.0,0.5791237730428537,30.471829778302094
1637,6.0,0.6561122244488978,24.67012340015532
2866,5.0,0.9026771653543307,25.369644671806018
3090,0.0,0.6394867549668874,20.485577557320326
1667,0.0,0.5330988167572753,10.720275902673286
704,0.0,0.3120567375886525,9.02809072359234
2093,4.0,0.5470465237846315,26.058328429350716
233,0.0,0.24423480083857443,0.0
891,6.0,0.443063152660368,9.865589882213346
3689,10.0,0.8260188087774295,43.734200468901186
1225,4.0,0.6001959823615874,15.519981213336415
5366,2.0,0.944718309859155,32.25103453296047
1512,1.0,0.48353054045410937,12.360576784215496
279,0.0,0.20028715003589376,13.00324057088109
1040,1.0,0.47992616520535303,13.613017200889276
1373,0.0,0.6032513181019332,14.028090665374314
540,5.0,0.24445450430058852,9.819657021586595
1858,0.0,0.5143964562569213,7.491586588040481
1757,2.0,0.8244955419990615,8.97429043981807
3424,4.0,0.694946214735133,21.628683325111965
1042,0.0,0.4254797876684361,13.27519121826019
1063,0.0,0.42065690542144835,10.50114978378393
2596,0.0,0.6145833333333334,8.486501529270422
4249,6.0,0.767521676300578,21.663731860681253
1202,0.0,0.7227901383042694,16.30201604103773
1384,0.0,0.6933867735470942,18.269875081647108
617,1.0,0.41270903010033444,7.3083368055454985
727,6.0,0.4792353328938695,18.430643660231514
2254,0.0,0.6155106499180776,20.1700193733583
941,0.0,0.35509433962264153,3.3766910614814716
2440,0.0,0.6695938529088913,14.752989767518311
804,14.0,0.3518599562363239,28.081247279713814
1471,0.0,0.8291995490417137,16.552649333921007
2056,0.0,0.8280306081353201,21.518787599622954
2402,4.0,0.5854252985620277,25.157229215972542
655,5.0,0.36901408450704226,18.741893638791424
1732,0.0,0.607719298245614,12.666568294529132
1678,2.0,0.6324915190350546,25.53268701703597
617,0.0,0.27680574248541945,8.307724897055609
3212,0.0,0.8286893704850361,25.536715876085434
1115,5.0,0.4199623352165725,9.292669166530501
1784,1.0,0.8164759725400458,24.540290661129795
1173,0.0,0.7904312668463612,18.758117583180322
2234,5.0,0.6366486178398404,29.243701634013817
1580,0.0,0.5524475524475524,14.260544756466588
1357,4.0,0.5465163109142167,19.14393130520889
2485,0.0,0.6264179480715906,20.761272324533678
1535,2.0,0.5443262411347518,22.559017752051588
1178,10.0,0.7890154052243804,20.745620518239505
1267,0.0,0.6996134732192159,21.16241191527597
1212,0.0,0.4187975120939876,19.41914529408553
1324,9.0,0.6800205444273241,21.735694105229324
856,6.0,0.6378539493293591,19.065785557147937
1015,1.0,0.4074668807707748,9.95319590499356
978,0.0,0.3717217787913341,21.50233751514024
1385,10.0,0.5744504355039403,31.716643565944494
584,0.0,0.35096153846153844,12.59282611949141
2393,5.0,0.6566959385290889,23.809561760020294
1612,0.0,0.4840840840840841,12.195320643105156
1138,0.0,0.4840493407060825,5.466274075500118
1823,4.0,0.8149307107733572,27.64901662342777
1286,0.0,0.46308966510622973,11.996141930235767
909,0.0,0.3784346378018318,6.561844969228841
2099,0.0,0.7432719546742209,16.834087239732177
1776,0.0,0.6666666666666666,11.837691514961113
843,2.0,0.4198207171314741,11.208523130736816
1858,2.0,0.5171166156415252,18.517117743200142
4230,3.0,0.7765742610611346,28.22393675844852
4259,0.0,0.8487445197289757,35.50972643031554
2898,2.0,0.7805009426339887,18.4920996718879
3645,5.0,0.7214964370546318,36.040040819194836
802,5.0,0.4799521244763615,11.964046702501749
1611,0.0,0.670691090757702,25.685716524889862
1543,0.0,0.6341964652692149,16.922065132065292
2415,10.0,0.7810478654592496,35.90682235707094
745,3.0,0.4209039548022599,10.281402268865053
1706,10.0,0.5025036818851252,25.114249705184147
769,0.0,0.5234853641933288,14.531399701169953
1305,10.0,0.5629853321829164,31.29724541198432
1030,0.0,0.4193811074918567,16.00373599146026
1658,4.0,0.7291116974494283,21.984945987085577
1693,2.0,0.5077984403119377,16.870855419274
4497,7.0,0.790195044807591,41.18463556009694
2071,6.0,0.7730496453900709,21.83544690902953
606,2.0,0.3650602409638554,9.796123698605
1343,1.0,0.51673720661793,16.555710525358226
771,0.0,0.5174496644295302,24.26056898904422
2092,0.0,0.7788533134772897,20.840269621708963
4328,1.0,0.7815095702419647,38.48770906256418
1645,0.0,0.5578162088843676,11.212565055449485
926,1.0,0.44886088221037324,14.776732467148863
2398,0.0,0.799866577718479,15.204820827958262
1273,3.0,0.5269039735099338,13.690426232012214
1128,12.0,0.7085427135678392,36.350470161210126
1729,0.0,0.5557698489231758,9.574749084197064
4079,2.0,0.7251555555555556,31.938265674820954
1149,0.0,0.6302797586396051,14.577904413011
517,0.0,0.573170731707317,6.9575601976336685
1800,1.0,0.7493755203996669,16.558271570949984
1422,4.0,0.5082201572551823,19.26470669208532
1116,15.0,0.44145569620253167,29.359591478186466
1731,0.0,0.5094173042966451,13.006383252903891
739,0.0,0.37800511508951407,0.6380508509831113
425,0.0,0.5145278450363197,17.611185315634856
487,0.0,0.4371633752244165,4.479287261534698
816,0.0,0.3355263157894737,0.33306782057709405
1885,0.0,0.6130081300813008,21.528969974835306
1662,0.0,0.8260437375745527,20.37186301988382
2969,6.0,0.6943405051449953,24.82285776153214
1228,0.0,0.4240331491712707,1.7981639093543524
2486,1.0,0.8027123022279625,24.572137345273614
960,5.0,0.3610379842045882,23.03051237996161
1646,5.0,0.667477696674777,24.938067686239293
376,0.0,0.18875502008032127,2.898998534037358
1276,0.0,0.4968847352024922,12.080516848666194
2927,0.0,0.7530228968356059,25.390965368715356
3867,5.0,0.8029485049833887,43.96649223917598
4505,2.0,0.7263785875524025,37.435576693462004
461,6.0,0.2610419026047565,16.155319423510683
970,0.0,0.4625655698617072,22.08000222396742
2140,0.0,0.8539505187549881,10.591972514362357
1087,5.0,0.6247126436781609,30.228000858777627
1262,0.0,0.5656656207978485,7.758345594311019
503,0.0,0.2606217616580311,0.5364158573095601
1227,0.0,0.6350931677018633,20.255209004991872
2072,0.0,0.6664522354454808,18.548545306531743
979,2.0,0.47802734375,6.7654240933167875
1815,7.0,0.8041648205582632,21.68647315892866
3335,7.0,0.6513671875,41.30668862285118
1820,0.0,0.625,15.542586139739056
1700,0.0,0.7142857142857143,20.581792552849357
1064,0.0,0.4666666666666667,11.135747480422685
2298,0.0,0.7693337797120857,16.403265147936764
1497,0.0,0.6140278917145201,22.643808438859075
492,0.0,0.25705329153605017,0.0
3493,7.0,0.7936832538059532,28.69850741416505
1730,0.0,0.6886942675159236,20.42076598217314
2021,0.0,0.7141342756183745,19.676108016760196
1004,5.0,0.3588277340957827,22.07458423509488
962,0.0,0.6708507670850767,14.155880526685149
1155,5.0,0.555822906641001,18.587309344217523
1033,18.0,0.5278487480838018,31.257970712954084
988,0.0,0.4729535662996649,7.36229764663692
1211,0.0,0.6125442589782498,11.061741250403191
2228,0.0,0.5589563472152533,21.161997654183793
2429,15.0,0.7850678733031674,44.136019390152875
1558,5.0,0.5608351331893449,15.43891904635985
1388,5.0,0.5656071719641402,22.76870118663752
1335,1.0,0.519455252918288,9.363621338780407
1400,0.0,0.5870020964360587,14.124163287710159
1432,0.0,0.5355272999252056,16.98573912794284
667,4.0,0.4094536525475752,22.633968976245477
1367,0.0,0.5611658456486043,15.530962855381773
1513,0.0,0.7963157894736842,7.903482348283712
516,0.0,0.6187050359712231,8.327565019765444
1138,1.0,0.6325736520289049,17.207339414867523
2999,5.0,0.7188398849472675,24.926453096230297
2038,0.0,0.7183644695100458,15.906173705883537
1123,2.0,0.4553933495539335,17.442694744361376
1644,9.0,0.5304937076476283,20.29320209162405
2159,0.0,0.616504854368932,15.910682092699398
3113,1.0,0.6931641059897573,20.817334054742393
3700,0.0,0.6926244852115313,20.3895339632663
1049,2.0,0.7673738112655449,14.347070223923481
1237,10.0,0.6148111332007953,24.561392018478124
982,5.0,0.6920366455250176,12.120686247363956
388,0.0,0.26869806094182824,8.439972031105633
2377,8.0,0.8722935779816514,19.224270759312816
762,0.0,0.3361270401411557,10.766671576854606
3539,4.0,0.7428631402183039,29.2727508336533
1491,5.0,0.4639079029247044,19.97275041996251
872,1.0,0.38498896247240616,15.200174471639103
2156,5.0,0.643390032826022,20.77736922147988
1740,10.0,0.7219917012448133,20.41943916254086
1484,1.0,0.6245791245791246,22.080109419041996
1782,0.0,0.5848375451263538,25.709998306056196
2018,1.0,0.5938787522071807,13.038847690224895
1155,7.0,0.4166666666666667,14.962314852260054
1539,0.0,0.5653930933137399,7.923638045282238
765,10.0,0.30984204131227217,16.613096107170982
1655,4.0,0.6285605772882643,15.973417398645642
2525,6.0,0.8915960451977402,27.38277581775069
103,2.0,0.054787234042553194,10.263206119369492
1512,0.0,0.7444608567208272,7.55555682984963
2913,0.0,0.7755591054313099,17.693648802123747
1295,4.0,0.5719964664310954,19.61930038421234
1787,0.0,0.8060442038791159,14.125641018774107
2061,2.0,0.6856287425149701,20.33356145628634
1361,1.0,0.4834813499111901,3.3464127672999116
996,2.0,0.7455089820359282,13.983257602905402
1114,5.0,0.4896703296703297,19.93591323969548
527,0.0,0.29375696767001114,7.830271316745172
2877,0.0,0.8668273576378427,22.844937731087498
2077,0.0,0.7323695345557123,19.980879231486124
1886,1.0,0.7845257903494176,19.83134722761833
2286,0.0,0.7186419364979566,16.80994945085771
1091,16.0,0.7406653088934148,31.97772988660848
2985,4.0,0.8282463928967814,26.4680699225673
1841,9.0,0.833786231884058,26.522562133203657
999,6.0,0.4809821858449687,11.136646749195766
1265,1.0,0.43440934065934067,21.654750285401718
731,4.0,0.6071428571428571,10.690883215208686
586,2.0,0.42158273381294964,12.447576511990492
658,14.0,0.504601226993865,20.262592071063857
566,0.0,0.4333843797856049,0.2763972806216586
1840,3.0,0.6590257879656161,8.119593220347966
1753,0.0,0.739662447257384,21.166795748713223
1156,0.0,0.5002163565556036,17.45498120723419
1373,0.0,0.763201778765981,11.409185869389269
3748,5.0,0.7235521235521235,31.717516357801625
1878,0.0,0.6204162537165511,13.56276599120634
2347,4.0,0.7674950948332243,23.85150563939935
1739,0.0,0.5225360576923077,14.510622497749305
1273,0.0,0.6283316880552814,13.303110069027163
1970,7.0,0.5838767042086545,24.942844552636316
1492,1.0,0.5501474926253688,17.44852818350417
1167,0.0,0.7582846003898636,14.168978952254788
1081,1.0,0.41964285714285715,2.678031753185879
1367,0.0,0.5829424307036247,10.148627832034856
3051,4.0,0.6667395104895105,28.540813009946294
1547,4.0,0.5572766570605188,26.775596718599658
1183,5.0,0.4104788341429563,11.015046534546135
859,9.0,0.6049295774647887,24.433791349150265
383,6.0,0.2608991825613079,6.966798983176234
577,5.0,0.48856900931414055,17.180961689139274
2042,0.0,0.6580728327425073,11.997462384596862
1833,2.0,0.5176503812482349,18.396796530079225
3480,10.0,0.7663510240035235,42.45671415305803
3232,4.0,0.8509741969457609,22.5009912115093
1729,0.0,0.5628255208333334,11.122469506691186
1206,0.0,0.5675294117647058,17.179419176464123
2330,12.0,0.6022227965882657,31.62314258029276
4365,5.0,0.7840847853421951,41.71681907914707
701,0.0,0.3809782608695652,14.916737381123829
3059,6.0,0.8392318244170096,33.25058368936985
2418,0.0,0.7084676237913858,17.746365016096323
2888,0.0,0.9058971141781681,19.16076236221998
2052,1.0,0.7868098159509203,21.3994773312012
2551,5.0,0.6032158902813904,22.389760701618506
774,8.0,0.5345303867403315,19.89932606636889
1892,0.0,0.5977883096366509,11.700335618120693
860,0.0,0.35596026490066224,6.425521867168653
2599,4.0,0.8873335609423011,23.9254117259374
969,0.0,0.4202081526452732,13.056504071083962
694,0.0,0.5538707102952913,2.3682588137540694
1866,2.0,0.6142198815009875,21.10625149245793
1929,4.0,0.5365785813630042,14.266130378986578
834,2.0,0.5342729019859065,8.52466857728838
1005,0.0,0.3655874863586759,7.359447021198767
896,6.0,0.6265734265734266,21.849224678794013
1485,0.0,0.47887778136085135,10.942443274231586
240,0.0,0.12861736334405144,4.910809992218056
1918,4.0,0.853202846975089,21.357034300379173
1081,0.0,0.4194800155219247,4.78573673479834
1778,1.0,0.7399084477736163,14.66053839349053
4162,5.0,0.9218161683277962,38.65315594326194
1895,0.0,0.6605088881143255,16.373578929581583
1146,4.0,0.6181229773462783,11.630211623090485
835,6.0,0.3643106457242583,16.293100715690695
1888,1.0,0.6718861209964413,19.107556980402112
190,8.0,0.1676963812886143,9.56986392999233
3715,4.0,0.8157663592446202,30.07123013522807
1938,0.0,0.5440763615946098,20.38486938852146
802,0.0,0.4816816816816817,13.335450730721885
1868,0.0,0.860036832412523,22.344243753957954
443,21.0,0.5852047556142669,33.18087219179292
344,1.0,0.37595628415300547,11.93232019095926
1308,4.0,0.6953748006379585,9.459633650906527
3713,9.0,0.8975102731447909,40.68283940798846
1869,0.0,0.5775648949320148,15.589796095999212
1424,0.0,0.6963325183374083,10.34222095510911
1499,0.0,0.5005008347245409,5.030153002674233
954,0.0,0.5069075451647184,0.8650227440258167
953,0.0,0.489974293059126,15.184246948793078
1205,0.0,0.4690541066562865,4.867869238403808
790,7.0,0.433589462129528,20.629312151490527
1509,10.0,0.7778350515463918,31.640108252386383
2612,0.0,0.7714116952155936,22.872735465654007
1655,0.0,0.8299899699097292,15.762762203596418
790,1.0,0.5728788977519942,8.487965740642856
2314,0.0,0.7024893746205222,7.264913410358865
702,2.0,0.2997438087105038,4.4239064257575365
3839,11.0,0.6973660308810172,41.19307573708373
528,10.0,0.28190069407367857,15.05864211160857
1725,0.0,0.6272727272727273,8.74318970420246
1472,0.0,0.5832012678288431,8.498639589429194
1589,9.0,0.5109324758842444,28.983879414858045
854,0.0,0.3436619718309859,1.2018043888351118
697,0.0,0.27947072975140336,11.297491500209892
1615,1.0,0.503428927680798,14.242865635095477
1035,1.0,0.6186491332934848,15.040279843138752
3168,1.0,0.6907980811164414,26.22466128612512
1689,2.0,0.7147693609818028,16.540450417486102
612,0.0,0.29694323144104806,2.9066529602028277
1159,5.0,0.5030381944444444,20.513154339781725
931,0.0,0.3443047337278107,14.947787072173764
4272,6.0,0.8926034266610948,43.10996543469258
842,0.0,0.5075346594333936,12.593961849783843
1984,0.0,0.5650811734548562,9.979444288739174
1711,2.0,0.6590909090909091,23.05846236686957
868,10.0,0.6600760456273764,19.958962810828837
1743,0.0,0.6254036598493004,22.010486063744082
3729,6.0,0.7580809107542184,35.398703276277686
3266,6.0,0.8952850877192983,36.464832427122445
1124,2.0,0.4031563845050215,20.32568994409333
4574,7.0,0.8712380952380953,47.50338697336805
2529,8.0,0.6704665959703076,25.430868479625445
834,10.0,0.3342685370741483,15.629660224345654
529,5.0,0.3956619296933433,22.950223733729256
786,11.0,0.5428176795580111,30.809121844404075
1566,0.0,0.783,9.2519249158763
1022,0.0,0.7087378640776699,18.520341460061793
2262,5.0,0.789804469273743,28.126059828293794
307,0.0,0.46026986506746626,10.476347828899248
1895,0.0,0.5253673412808428,11.80211178742967
1245,0.0,0.5246523388116309,6.981476005688398
1776,1.0,0.5038297872340426,15.221304741917834
800,8.0,0.45662100456621,11.322754827316007
1668,0.0,0.48986784140969164,3.3025374789786532
2361,4.0,0.6415760869565217,17.51680123971511
1529,0.0,0.7741772151898734,13.688008051717365
592,0.0,0.26860254083484575,8.345036781872764
443,0.0,0.26244075829383884,9.188932905233795
1481,0.0,0.4745273950656841,21.06324704939051
1029,2.0,0.6301285976729945,7.839773918984266
1350,1.0,0.4411764705882353,18.47354167536583
1784,6.0,0.5575,29.070141381639118
2674,0.0,0.690599173553719,25.91847743447993
359,5.0,0.3778947368421053,10.93393919430078
393,2.0,0.5654676258992806,15.074541321217449
3074,0.0,0.8861343326607092,20.546354364707554
1720,0.0,0.7363013698630136,7.357090206213153
858,7.0,0.33660258925068653,7.276975242609927
1008,0.0,0.45161290322580644,16.043491056540777
4322,9.0,0.8456270788495402,39.501420392490935
374,0.0,0.19338159255429163,6.878842788040323
825,1.0,0.5518394648829431,12.666426296926605
1490,1.0,0.49093904448105435,15.694787328014463
3789,0.0,0.761608040201005,26.89863500678247
2231,5.0,0.6762655350106093,16.064395422934417
2329,0.0,0.6597733711048158,18.897737187927238
520,9.0,0.5803571428571429,26.93822084244742
3778,10.0,0.6804755043227666,41.412633453124556
1980,4.0,0.7104413347685683,27.315302456873976
1035,0.0,0.6716417910447762,15.977759791986013
1934,0.0,0.6981949458483755,22.657113288663208
1131,2.0,0.4142857142857143,22.721745353613738
1523,0.0,0.5853189853958494,26.616366557604785
3206,5.0,0.8452412338518324,35.63680588643615
1885,2.0,0.6198618875369944,17.076392904241793
1917,6.0,0.7311212814645309,20.625891685608156
423,5.0,0.2298913043478261,26.58804788128789
1373,4.0,0.48243148278285314,23.59419820615136
3977,4.0,0.8294056308654849,28.278714747542985
3259,3.0,0.6725134131242262,26.630262937673585
1462,0.0,0.5443037974683544,14.487749427396961
1283,0.0,0.6905274488697524,12.096465677994782
4382,1.0,0.8322886989553656,16.649470627430944
519,5.0,0.22944297082228116,16.725788480414337
1896,0.0,0.5273991655076495,13.290471356857218
2616,0.0,0.6432259650848291,19.491860869716447
1561,0.0,0.5475271834444054,10.604241657135773
393,1.0,0.21772853185595567,5.1288735930183496
1466,0.0,0.5338674435542607,18.551894971894328
785,2.0,0.5987795575896262,18.194839727926063
647,0.0,0.3295975547631177,3.089836590758079
2356,4.0,0.6087855297157623,29.349823206971212
751,8.0,0.36262675036214387,21.718737847170303
2725,7.0,0.7076084133991171,31.87582263860033
2394,6.0,0.7439403356121814,21.3163304341057
702,0.0,0.3370139222275564,11.260053494227419
481,1.0,0.32521974306964163,5.691617125693078
281,8.0,0.18821165438714,12.352738073439596
1142,2.0,0.7209595959595959,17.576713493669633
920,5.0,0.6769683590875644,20.405365286747735
748,5.0,0.38756476683937824,16.13425607636842
2201,0.0,0.7615916955017301,18.430965831173143
4380,5.0,0.8927843456991439,38.663087868733356
579,1.0,0.5030408340573415,12.729916901117823
1978,5.0,0.5620915032679739,22.801359590560377
1515,0.0,0.7986294148655773,22.449036823995474
304,1.0,0.37392373923739236,4.584970837436252
1007,0.0,0.5137755102040816,14.240595023325307
973,2.0,0.37742435996896817,12.056635937084105
2145,4.0,0.8231005372217959,31.65834761062485
1261,10.0,0.4954813359528487,17.671367280124567
3944,0.0,0.7545437153242778,33.685329348677215
1860,2.0,0.6418219461697723,19.170584047121515
1741,0.0,0.5274159345652832,10.384156371746098
1309,9.0,0.5393489905232798,27.181911280325266
1269,7.0,0.581310123683005,19.86940991275717
605,5.0,0.3633633633633634,16.169002682380516
938,9.0,0.48375451263537905,22.51691952432743
551,8.0,0.5976138828633406,18.935794479476943
861,3.0,0.7259696458684655,12.57176013838339
940,7.0,0.35311795642374155,13.7108648028343
4043,10.0,0.711420024634876,38.28074795907817
1710,0.0,0.6070287539936102,13.025409058153523
2048,1.0,0.7925696594427245,17.968399596144884
1775,6.0,0.6680466691757622,20.481138354337826
1437,9.0,0.5820170109356014,28.02707334792892
3202,5.0,0.685506315564119,35.96582909304251
839,12.0,0.4252407501267106,23.440750473002385
842,0.0,0.43854166666666666,8.431723446198816
477,2.0,0.4644595910418695,5.441501746366456
1041,0.0,0.45980565371024734,17.31366526631233
1674,0.0,0.505587435819994,19.65219527380487
1980,4.0,0.832632464255677,26.888260198772723
1376,0.0,0.5462485113140135,12.994445842298502
951,0.0,0.638683680322364,17.402282109815292
3239,8.0,0.7420389461626575,33.60476017323034
948,0.0,0.4254937163375224,2.972099150884244
1127,2.0,0.4791666666666667,10.07833651666598
4743,0.0,0.7294678560442941,29.640349459751498
1472,0.0,0.7173489278752436,16.576721549383016
2205,0.0,0.6984478935698448,15.798035158248672
558,4.0,0.3286219081272085,8.500991509569873
1460,0.0,0.5153547476173668,6.062087882294094
1932,10.0,0.687299893276414,16.01532449089919
1601,0.0,0.522860875244938,20.634279818213653
1688,0.0,0.7977315689981096,17.004579347423153
1411,0.0,0.45781959766385466,4.7514935345229645
1881,0.0,0.5679347826086957,12.659789777008008
4065,8.0,0.775023832221163,30.963191916853273
1388,0.0,0.6992443324937028,13.001146905542583
976,1.0,0.5599541021227769,6.917597023163129
1312,0.0,0.5966348340154616,16.30817425121236
4668,2.0,0.7264239028944911,32.32743248384904
2229,0.0,0.7938034188034188,28.968084543863323
1618,0.0,0.7252353204840879,12.49611169559866
4045,5.0,0.7066736547868623,37.20698280826173
662,2.0,0.27164546573656134,4.335104224413626
1439,7.0,0.4549478343344926,30.584469575844217
785,0.0,0.6161695447409733,13.205620536439154
3110,8.0,0.6422965716646014,35.684451179432465
1584,7.0,0.8177594217862674,25.633958963353436
1803,5.0,0.522305909617613,16.857221471261624
2735,6.0,0.8262839879154078,33.14203232666536
1206,1.0,0.5062972292191436,4.657964351161482
5299,12.0,0.8124808340999693,44.324045425867546
425,4.0,0.2613776137761378,10.680324307767684
401,0.0,0.37267657992565056,9.422510662981306
1824,0.0,0.6572972972972972,21.464388269879745
1597,1.0,0.6395674809771726,16.01068114658192
771,2.0,0.3157248157248157,15.462196001315792
1150,0.0,0.391156462585034,8.447439716867597
1310,0.0,0.6659888154550077,14.21150363326692
758,10.0,0.3496309963099631,20.563760711484207
1121,0.0,0.5004464285714286,10.361242142552495
1548,0.0,0.6590038314176245,12.870699215445248
1595,2.0,0.5668088130774698,22.569230207766054
737,2.0,0.47122762148337594,8.306810930317331
2177,0.0,0.5762308099523558,19.091750072115975
2521,4.0,0.5864154454524309,30.096918341843633
1017,4.0,0.5288611544461779,3.459603991033209
482,0.0,0.23500731350560702,13.347876766762367
2875,0.0,0.8592349073520622,18.807924304114405
918,0.0,0.5806451612903226,9.846565130451218
1511,0.0,0.8247816593886463,9.091321710046763
1272,1.0,0.7416909620991253,14.067770891371332
736,6.0,0.50723638869745,18.860446943117378
1016,2.0,0.3793876026885736,9.527558377233964
109,2.0,0.08307926829268293,16.06888675366603
3113,4.0,0.6527573914866849,25.178020733452264
2609,0.0,0.8968717772430388,24.989681419433353
728,0.0,0.3038397328881469,6.020740639892494
1864,0.0,0.5803237858032378,19.666426415294083
1067,2.0,0.4298952457695407,15.258172692311271
2862,0.0,0.645466847090663,22.908161221339583
652,1.0,0.4187540141297367,14.17557442838065
1730,0.0,0.5054046158340637,25.1535369167328
2159,4.0,0.5949297327087352,30.31193297520829
325,2.0,0.21508934480476505,0.0
1356,0.0,0.710691823899371,18.565683737569127
1252,0.0,0.678590785907859,24.004653825971538
1007,2.0,0.5754285714285714,11.770592467663622
556,0.0,0.3662714097496706,3.6648750896777713
1913,0.0,0.5171668018383346,15.793476623227921
1417,5.0,0.44672131147540983,11.286931714620236
2171,0.0,0.5913919912830291,23.400784390866615
865,0.0,0.7078559738134206,14.809878221425201
917,0.0,0.3808139534883721,8.009334377811811
439,5.0,0.2442960489705064,10.73629764644399
1600,5.0,0.6102212051868803,25.646517573280505
900,0.0,0.33809166040571,5.609330123115887
714,0.0,0.37857900318133614,7.53990658336714
1107,2.0,0.6194739787353106,11.794481134514765
967,0.0,0.6863023420865862,9.34593646834032
2827,0.0,0.7743084086551629,26.377237507346383
1541,0.0,0.516940623951694,14.06814827302595
5167,2.0,0.7871724558196221,34.28697262669848
2182,0.0,0.5968271334792122,19.03651792253632
1517,0.0,0.5825652841781874,11.562656333126993
1623,2.0,0.5317824377457405,24.339011441969664
2399,1.0,0.6565407772304324,25.031460245468878
2597,0.0,0.8434556674244885,27.048348224418223
1471,5.0,0.6219873150105708,24.189569378340217
1696,9.0,0.5830182193193537,25.450866938576404
2646,4.0,0.6543026706231454,22.181604736043766
529,2.0,0.27681841967556253,13.411646884006137
2816,0.0,0.6445410849164569,28.251356436186242
1139,0.0,0.7105427323767936,22.18486715244858
1718,2.0,0.5188764723648445,18.70762101727904
2987,2.0,0.746003996003996,20.734534513673257
1160,1.0,0.574826560951437,8.863995685180443
3607,5.0,0.6709449404761905,30.906449808016266
1607,0.0,0.6016473230999626,17.95583945300681
192,9.0,0.11932877563704164,8.954394826526048
1272,2.0,0.5228113440197287,16.89366987940752
1599,4.0,0.739251040221914,14.915851851121833
1060,6.0,0.6287069988137604,20.94090715386699
989,4.0,0.6523746701846965,16.884987035912065
580,0.0,0.3019260801665799,6.011821019056901
1695,4.0,0.6391402714932126,21.23296467689443
2473,1.0,0.6043499511241447,26.897497629985693
1629,0.0,0.6651694569211923,11.952456056421271
505,0.0,0.22554711924966503,10.649514777470657
1284,0.0,0.5067087608524072,5.05168524643868
971,0.0,0.3960032626427406,17.493617875814778
651,10.0,0.31238003838771594,16.446807114279466
1365,0.0,0.7406402604449267,15.99134350458854
902,4.0,0.7124802527646129,17.571846960782615
2106,0.0,0.6175953079178885,17.217328164555692
2159,11.0,0.6059500420993544,33.53765280657271
1220,0.0,0.5939629990262901,11.811273876829283
1400,2.0,0.49071153172099546,14.98435734061129
1941,5.0,0.6966977745872218,26.382066560371744
1718,2.0,0.5333747283452344,24.750890249653686
1692,0.0,0.5437017994858612,14.932962683658552
4064,10.0,0.8266883645240033,47.324053495111045
1352,0.0,0.46782006920415226,14.464318603123026
1362,0.0,0.7414262384322264,17.633936033486126
518,0.0,0.3514246947082768,4.917177531602387
1702,1.0,0.5999295029961227,13.616529679797292
2341,0.0,0.8384670487106017,22.08681951032515
2963,1.0,0.888455772113943,29.316828805415533
771,0.0,0.5775280898876405,11.677197748952329
2854,2.0,0.8795069337442218,23.86371851461647
4362,6.0,0.9016122364613477,41.305387604705615
901,10.0,0.43568665377176014,27.222129960747502
466,0.0,0.5104052573932092,15.991333338840372
1375,0.0,0.573394495412844,15.098674482252497
1102,4.0,0.42962962962962964,1.7907359273091412
2206,0.0,0.5831350779804388,12.21079606467794
4717,5.0,0.9259913623871221,37.59049832950058
2864,1.0,0.8715763846622033,19.882200635059
3768,0.0,0.8040973111395646,23.78204289848248
3463,0.0,0.681827131325064,18.12850415159124
1800,1.0,0.6024096385542169,18.289048095555227
1759,0.0,0.7262592898431048,17.26249806535702
1067,0.0,0.4744330813694976,5.608105929614408
2156,1.0,0.5970645250623096,11.901906996263122
1053,0.0,0.37300743889479276,3.7718637754899493
476,0.0,0.3141914191419142,6.090398318161213
3078,5.0,0.7454589488980383,23.152425211460887
1482,0.0,0.5517498138495904,18.83858459953776
1061,0.0,0.6104718066743383,11.435776270534651
812,0.0,0.34074695761644985,1.7742259200710118
869,0.0,0.4573684210526316,10.672487531919412
986,0.0,0.48739495798319327,11.390479175171919
2165,0.0,0.7231128924515698,16.624785299881786
2652,5.0,0.7909334923948703,33.33841879711458
2367,2.0,0.6342443729903537,23.593778405733264
1138,0.0,0.46373268133659334,8.631788655555372
691,2.0,0.6398148148148148,5.295088451823877
2116,0.0,0.5723559642953746,8.043582442866319
550,5.0,0.4986400725294651,14.735908106770047
2287,6.0,0.6037486800422387,25.47866020418521
484,9.0,0.5982694684796045,18.623035768453683
3582,0.0,0.7533123028391168,26.904697802340408
1228,2.0,0.4957610012111425,8.577426378126916
1005,0.0,0.4240506329113924,17.907813531045548
720,0.0,0.5429864253393665,12.190932033571928
1026,0.0,0.5554953979426096,10.672014433943133
418,5.0,0.1934289680703378,2.0032845314465355
1881,0.0,0.6371951219512195,10.687037205848837
2967,2.0,0.665694413282477,12.57264638125151
983,2.0,0.623730964467005,8.482468450135705
1464,2.0,0.5442379182156134,16.397024691080635
1422,1.0,0.4569408740359897,21.8125907988706
3962,7.0,0.7338395999259122,40.344513111319166
1338,0.0,0.523884103367267,17.172711763375254
2143,11.0,0.8558306709265175,29.170140794531598
901,0.0,0.5450695704779189,9.469053475286842
2040,5.0,0.6335403726708074,21.610064198709825
2164,0.0,0.5915800984144342,17.549726544792797
571,0.0,0.25132042253521125,11.543944501646722
1176,5.0,0.7504786215698788,26.588883862161858
1931,0.0,0.5832074901842343,10.036204313087072
2641,0.0,0.7563001145475372,26.287713967920673
1560,5.0,0.47985235312211627,24.371739202360004
1412,0.0,0.6374717832957111,13.364792096128642
5051,4.0,0.790082903175348,38.93822540992748
598,0.0,0.368,12.859682764859196
1949,0.0,0.6436591809775429,17.979113084744785
2943,1.0,0.8038787216607485,23.62521483651891
905,0.0,0.5716993051168667,15.534143671833144
1937,0.0,0.6006201550387597,22.365385503348563
1159,0.0,0.4599206349206349,10.431588643889068
464,1.0,0.25907314349525407,0.6632586311068529
744,0.0,0.384297520661157,5.090093174259066
829,2.0,0.6537854889589906,8.529501767767744
1480,0.0,0.4844517184942717,7.4036654514443345
989,9.0,0.39702930549979926,21.028481598579475
4085,1.0,0.7062586445366529,19.406485504752673
4484,1.0,0.8152727272727273,28.84240389965922
1361,1.0,0.5796422487223168,11.609810229760235
2150,0.0,0.5788906838987614,20.191912054153082
2606,2.0,0.7712340929269015,19.601132557783288
805,0.0,0.38813886210221793,22.588171648478156
1142,4.0,0.5814663951120163,16.17801461145193
1230,4.0,0.6224696356275303,17.326431536213857
1404,4.0,0.6919664859536717,9.356339895742847
3495,6.0,0.9094457455113193,29.798554774198095
859,0.0,0.47511061946902655,7.005942015553311
1373,0.0,0.4495743287491814,12.767299908011202
1575,6.0,0.5267558528428093,18.46745881985889
1405,0.0,0.6233362910381544,12.036371105671009
2187,0.0,0.7002881844380403,22.515201453131763
657,5.0,0.6239316239316239,17.153202757193487
1031,0.0,0.5801913337084975,17.676838448634836
1154,0.0,0.5352504638218923,17.480716608868576
1737,9.0,0.766548984995587,31.652870027089435
1406,1.0,0.45723577235772356,16.64011872651441
1198,4.0,0.6191214470284238,19.315097956047275
1256,1.0,0.575091575091575,18.154295195280515
1685,0.0,0.5173472520724594,20.434119095382826
766,6.0,0.3926191696565864,14.216803038084054
1175,7.0,0.5919395465994962,15.950334421305705
1922,0.0,0.5847277152418618,15.895007604527335
1882,0.0,0.5644871025794841,17.642239922468757
1165,9.0,0.6552305961754781,15.066383597993726
1271,2.0,0.578252957233849,15.765877059893608
593,0.0,0.3413932066781808,0.0
758,2.0,0.706430568499534,12.555977559809243
910,2.0,0.3593996840442338,16.30990503970076
1764,0.0,0.7417998317914214,5.648864082594265
1305,1.0,0.5009596928982726,9.639470553240024
921,0.0,0.360610806577917,9.383846929390497
2624,10.0,0.740824392998306,34.01722337409758
2387,0.0,0.7775244299674267,19.67980437391748
829,6.0,0.3542735042735043,10.043333997242751
2576,2.0,0.673992673992674,21.864039618331983
2201,6.0,0.6224547511312217,33.33116846593855
1198,0.0,0.795484727755644,23.656817417891684
1766,4.0,0.7947794779477948,15.577040315060966
1935,5.0,0.6765734265734266,17.17813552303044
2541,1.0,0.587378640776699,15.787017820016128
1477,5.0,0.7459595959595959,18.176704763600583
1512,2.0,0.5080645161290323,15.42783275692947
1095,5.0,0.46163575042158517,19.94866436075439
1223,2.0,0.4076666666666667,14.517687140186363
1187,8.0,0.51698606271777,12.415797712058557
612,1.0,0.43651925820256776,10.23026068664264
1657,0.0,0.5090629800307219,10.74402296090752
1945,7.0,0.66473000683527,35.78537546111499
1045,0.0,0.42827868852459017,8.924230622036333
643,0.0,0.5309661436829067,6.960203870367348
1735,1.0,0.5418488444722048,9.72073435407929
2286,0.0,0.5666831928606841,14.153349421732882
862,15.0,0.37740805604203154,34.066589497268396
1328,8.0,0.525940594059406,22.27680739445474
1913,0.0,0.7546351084812624,8.265274902365983
2052,4.0,0.8621848739495799,21.68678216832551
864,2.0,0.36594663278271916,7.765109498431857
1365,0.0,0.5608052588331964,16.36651963785066
3263,6.0,0.8021140609636185,30.29719684143463
1079,2.0,0.384396152475953,16.804547739326555
980,5.0,0.48877805486284287,21.79058935732588
1337,1.0,0.6493443419135503,14.581884082982684
2017,6.0,0.7064798598949212,19.756490873878796
2441,5.0,0.5881927710843373,23.065427670961746
1248,0.0,0.5056726094003241,12.078593387289374
951,6.0,0.4884437596302003,22.436829285078176
1958,0.0,0.6233683540273798,20.555129295769508
1645,0.0,0.6344003085229464,11.117616466028515
1234,0.0,0.42817487855655795,13.695817115628062
1052,0.0,0.5598722724853645,11.271142949010699
1722,0.0,0.5384615384615384,19.96486238526792
1362,5.0,0.7487630566245189,11.234612614613436
1077,11.0,0.4672451193058568,32.54012376999782
1918,0.0,0.7205108940646131,14.61038476967124
1833,0.0,0.5120111731843575,4.249733353014317
957,0.0,0.3726635514018692,4.795267942617537
1678,0.0,0.5980042765502495,10.139022588213383
1241,4.0,0.5274118147046324,18.838924315770157
2233,5.0,0.5768535262206148,19.186259833949578
722,0.0,0.5312729948491538,10.586846166818354
2659,0.0,0.8830953171703753,21.993352536700325
1218,0.0,0.5756143667296786,20.33521370894237
1953,0.0,0.5365384615384615,12.817598035049272
950,7.0,0.4455909943714822,23.070164116056706
1465,1.0,0.5488947171225178,11.466554259936485
756,1.0,0.33013100436681225,13.50005546457053
944,0.0,0.45189085686931546,5.436474839108621
1078,2.0,0.4597014925373134,17.048528515567593
401,2.0,0.18888365520489872,10.31739377117784
1120,4.0,0.49230769230769234,16.580517967384385
773,0.0,0.4748157248157248,8.383474245922635
1959,0.0,0.5221215351812367,15.747721698922437
1966,6.0,0.6819285466527922,19.415621930712646
352,1.0,0.166351606805293,0.0
1728,1.0,0.6213592233009708,11.936312630978819
930,6.0,0.5827067669172933,23.718682604514175
2248,0.0,0.5801290322580646,17.47304435753659
1211,2.0,0.4123255022131427,12.810639986316723
5259,16.0,0.9112805406342055,60.17722857925129
795,17.0,0.33988884138520736,34.42231491128308
2343,0.0,0.7457033736473584,19.505566228906158
1372,0.0,0.7588495575221239,13.949475518715866
2345,2.0,0.6539319576129392,15.682498635786118
2501,4.0,0.6905024848150193,31.067918542196352
1185,0.0,0.4111727966689799,15.075428789165372
1403,0.0,0.549119373776908,22.104546210286927
1129,0.0,0.6772645470905819,10.612887366552307
1031,0.0,0.458018658374056,0.6460541558462474
754,0.0,0.36744639376218324,0.29062179162901014
3477,7.0,0.7593360995850622,36.410358487672276
1349,5.0,0.6071107110711071,18.743290954745685
1829,0.0,0.5108938547486034,12.690844365697819
678,0.0,0.565,13.334433251480792
2074,0.0,0.5655849468230161,13.535749037582235
2186,0.0,0.5634020618556701,28.702258520967067
2761,5.0,0.7998261877172653,32.89461550310243
801,0.0,0.4043412417970722,9.462305882336715
3301,5.0,0.8302313883299799,31.209664188825798
990,0.0,0.5007587253414264,10.37588702223647
894,9.0,0.37563025210084033,21.578584556170664
3392,4.0,0.7731935263277866,29.993208260607556
767,0.0,0.33610867659947413,10.196028229454242
1068,4.0,0.4368098159509202,25.191604017926323
931,0.0,0.3775344687753447,17.08193499236979
1192,0.0,0.5951073389915127,16.019008648338588
1454,5.0,0.7198019801980198,27.08827811330221
406,0.0,0.3949416342412451,8.170286787114048
811,6.0,0.45005549389567145,13.507640520823719
1443,0.0,0.6331724440544099,9.45605293956581
1575,0.0,0.8355437665782494,12.85032524114633
1560,1.0,0.6356968215158925,19.719499933019495
2247,2.0,0.571901247136676,23.842589013068107
1539,2.0,0.5822928490351873,15.968499384964609
2290,0.0,0.6409179960817241,17.478725385408413
3671,16.0,0.848001848001848,48.59145165654208
3718,1.0,0.8946102021174206,22.894057787682364
1782,0.0,0.6508400292184076,12.652698467577979
788,0.0,0.49653434152488973,5.543403505747329
1536,0.0,0.7695390781563126,25.30004626260871
458,0.0,0.21552941176470589,0.0
968,7.0,0.5304109589041096,16.02710060236547
763,4.0,0.31079429735234215,18.87537263152833
1883,4.0,0.7159695817490495,10.707172258717542
3031,0.0,0.9039665970772442,26.084735747085688
995,4.0,0.4591601292108906,24.347455448970646
790,9.0,0.35601622352410994,8.05524817130811
3582,5.0,0.7091665016828351,28.17450117942195
2111,2.0,0.7873927638940694,14.781957435599
2396,4.0,0.6345338983050848,26.229262025286037
939,0.0,0.40737527114967464,1.2436723012462458
2130,5.0,0.6660412757973734,16.75604202335253
4343,1.0,0.7555671537926235,26.925275834136517
647,4.0,0.2970615243342516,16.762993936745154
1385,0.0,0.48207448659937346,10.215478257581971
3609,12.0,0.674831712789828,33.203025503182175
2123,0.0,0.7060192883272365,15.277430186509516
420,8.0,0.48554913294797686,17.51799323045955
1703,0.0,0.5077519379844961,17.955206648537818
2107,3.0,0.8624641833810889,23.226996003758142
3517,4.0,0.8353919239904988,35.929520883707035
1593,0.0,0.6475609756097561,17.33901071404403
628,5.0,0.3859864781807007,9.759520657034635
3617,1.0,0.7280595813204509,24.326146974772293
811,5.0,0.41377551020408165,23.83497460885887
2546,21.0,0.6044634377967711,36.47351458130861
1298,0.0,0.43411371237458196,10.579576032258068
4316,2.0,0.8509463722397477,31.219184238448793
1578,0.0,0.5206202573408116,15.472412020508273
1926,0.0,0.5192774332704233,19.2859052918039
1064,0.0,0.4267950260730044,9.706047764831437
1511,2.0,0.6484978540772532,12.00573122314112
2159,0.0,0.6526602176541717,7.723318614028109
1798,0.0,0.6295518207282913,13.69120240461448
3298,0.0,0.7581609195402299,24.450605763086347
1500,0.0,0.6085192697768763,19.317502408887236
1670,0.0,0.6189770200148258,10.815335006043686
4456,8.0,0.8617288725584993,36.08807388419969
1416,0.0,0.6573816155988857,18.816942360894668
1472,13.0,0.4779220779220779,27.663888574721597
3316,5.0,0.9165284687672748,35.281623329581855
3711,4.0,0.7173786970809974,29.519810539635852
2887,0.0,0.6735884274381708,25.174628108102873
943,0.0,0.4559961315280464,22.920261329809563
2542,3.0,0.7144463181562676,20.698694897210913
532,3.0,0.3337515683814304,6.881183432779862
3794,5.0,0.7430473952213082,21.56660292669887
1179,0.0,0.5657389635316699,11.002497473563583
3331,6.0,0.7285651793525809,28.659995611744915
732,0.0,0.460667086217747,9.50638784853616
2076,0.0,0.5586652314316469,13.434001904832972
936,9.0,0.35725190839694654,25.666549975421994
1884,0.0,0.8212728857890148,9.056994627210514
2206,2.0,0.5968614718614719,18.2209689615728
2787,11.0,0.617686170212766,34.146939088756504
4821,8.0,0.8791028446389497,51.26146476723217
2009,2.0,0.670337003670337,17.34938074738339
1387,0.0,0.5988773747841105,18.986841371579647
853,0.0,0.35795216114141837,0.0
242,0.0,0.39477977161500816,1.9957830684525457
1129,5.0,0.5622509960159362,7.136521915702625
1791,0.0,0.5379993992189847,16.42572874231544
2033,0.0,0.6030851379412637,26.283508865738415
2916,4.0,0.6352941176470588,35.22755895481435
860,9.0,0.680379746835443,14.858675114447827
2285,0.0,0.6681286549707602,16.379918662369285
2098,0.0,0.7389926030292356,19.5272444129769
734,0.0,0.4896597731821214,8.97827645233253
1922,1.0,0.6385382059800665,23.96311279287636
602,5.0,0.3198724760892667,17.65163667178183
988,6.0,0.5077081192189106,25.54876012273812
2151,2.0,0.6064279672963068,24.114488652384978
796,0.0,0.6540673788003287,8.386434706251723
194,0.0,0.1368124118476728,0.0
1538,8.0,0.677533039647577,32.59235939965875
1443,10.0,0.5965274906986358,27.161418082602264
1364,2.0,0.4726264726264726,5.269721861742331
670,1.0,0.3798185941043084,10.035503055476156
1376,0.0,0.4468983436180578,15.959368068405713
2334,2.0,0.8028895768833849,27.61619994327045
1808,6.0,0.7092977638289525,24.46064046948063
1535,6.0,0.6531914893617021,22.104240929319456
1043,0.0,0.7042538825118163,22.71243022824994
779,5.0,0.37962962962962965,7.56041688426393
1136,4.0,0.39775910364145656,23.232322128309615
1669,0.0,0.6578636184469846,14.941935447264077
688,0.0,0.3642138697723663,12.048052207141634
2959,15.0,0.8060473985290112,33.16973633730278
1266,0.0,0.5005931198102017,14.929801594788959
846,9.0,0.6152727272727273,14.60624255907133
1049,2.0,0.36832865168539325,6.637941760427316
1412,0.0,0.6743075453677173,6.899299472569384
2042,5.0,0.6339646072648246,26.25231711459155
2075,0.0,0.8313301282051282,16.27373589248665
754,4.0,0.3011182108626198,5.273649113560251
648,2.0,0.4088328075709779,10.485921737992836
3989,4.0,0.7573571292956142,27.704320350867178
838,1.0,0.3194815097216927,14.827619833953309
1969,0.0,0.633322611772274,20.60116584073664
436,10.0,0.2518775274407857,10.976482760618577
1718,0.0,0.8303528274528758,5.089446903999729
360,0.0,0.5240174672489083,6.792749826950977
1321,0.0,0.7552887364208118,16.445704475061596
1142,0.0,0.6616454229432214,12.03520754132701
4731,3.0,0.8685514962364604,34.05212242375013
1745,2.0,0.7463644140290847,22.843797957286107
1172,0.0,0.5183547103051747,14.537326623582794
1596,9.0,0.8184615384615385,24.840624934434302
2112,0.0,0.7325702393340271,23.034373030444826
1511,0.0,0.6635924462011419,13.944611303495629
1727,7.0,0.8251313903487817,26.77593260945844
2148,5.0,0.8328809616130283,20.941523597440373
569,1.0,0.2404902789518174,5.73254747826946
645,0.0,0.31773399014778325,3.4362384471372316
1333,4.0,0.7669735327963176,18.171413950676246
1463,0.0,0.55,9.321659884335297
1400,0.0,0.6619385342789598,4.428090432560003
299,9.0,0.2791783380018674,11.492525640338291
1695,0.0,0.7118857622847543,13.527356001913247
3295,5.0,0.8206724782067247,35.09928506028596
614,1.0,0.410427807486631,7.517485491268191
1688,4.0,0.6666666666666666,8.534127444208796
2467,0.0,0.606440511307768,23.907172146073613
849,5.0,0.36993464052287583,14.003089215641674
1286,2.0,0.4882308276385725,19.12602453488985
1356,0.0,0.6306976744186047,15.20256234406477
1024,5.0,0.47783481101259917,16.122677967847
486,0.0,0.5941320293398533,11.277151298880442
1780,1.0,0.8404154863078376,17.17888583790162
1628,0.0,0.7523105360443623,16.71004575710708
900,1.0,0.5008347245409015,8.619781949731532
1575,5.0,0.5326344267839026,25.509502063597566
1956,0.0,0.8416523235800344,20.018998338746503
4239,6.0,0.7777981651376147,42.76643792361756
734,2.0,0.30456431535269707,12.417885468534381
2302,0.0,0.8233190271816881,31.22058811059251
1724,0.0,0.4982658959537572,19.825501375698607
3596,6.0,0.7746660922016372,35.46307152841368
1386,2.0,0.6847826086956522,13.975973854407608
1432,2.0,0.5609087348217783,5.343204926607596
1618,0.0,0.4983061287342162,12.180828387960583
1101,7.0,0.44538834951456313,18.145946931038317
1604,0.0,0.4723203769140165,10.800679813486537
395,9.0,0.23511904761904762,16.981121241287777
2092,0.0,0.5700272479564032,14.333353902007557
927,1.0,0.35819165378670786,13.245843273055415
1408,0.0,0.6382592928377153,16.6687836398258
628,11.0,0.42232683254875586,26.50978927367991
322,6.0,0.18601964182553438,13.788884578371313
2113,0.0,0.7303836847563083,19.224059154367684
1970,0.0,0.6423214867949136,15.16131960993801
2156,0.0,0.5555269260499871,8.93200212691367
627,0.0,0.37680288461538464,13.524432959267065
3640,2.0,0.9182643794147326,18.251662469295532
1715,9.0,0.6225045372050817,19.312247596165953
3352,10.0,0.7673992673992674,33.102880177238546
398,0.0,0.42749731471535984,6.55812036604831
1334,0.0,0.5871478873239436,8.081875128015138
2700,0.0,0.6146141588891418,27.89356725422421
882,8.0,0.39693969396939693,15.411597721922693
1711,0.0,0.5335204240723418,15.987956767010338
776,2.0,0.34305923961096374,3.260267144098025
1035,2.0,0.6322541233964569,21.222193599162537
1237,2.0,0.6984754376058724,18.816655514397695
1077,4.0,0.5049226441631505,14.996236740253451
588,0.0,0.4146685472496474,5.976818467162079
850,0.0,0.373134328358209,0.9231961232791219
